"country","totalcountryrevenue","percenttotalrevenue"
"United States",115229279900,9.87331066639460299800
"Canada",487670000,0.04178553764164116800
"Germany",69980000,0.005996169385367254367500
"Japan",30880000,0.002645923272651340595400
"Switzerland",16990000,0.001455771904221058183800
